date,cpi,neer,m2,ffr,ip,unrate,oil,gs10,baa
1973-01-01,42.700000,128.032885,810.300000,5.940000,43.978300,4.900000,3.560000,6.460000,7.900000
1973-02-01,43.000000,122.775869,814.100000,6.580000,44.610300,5.000000,3.560000,6.640000,7.970000
1973-03-01,43.400000,118.342635,815.300000,7.090000,44.629400,4.900000,3.560000,6.710000,8.030000
1973-04-01,43.700000,119.319080,819.700000,7.120000,44.568000,5.000000,3.560000,6.670000,8.090000
1973-05-01,43.900000,118.413877,826.800000,7.840000,44.860800,4.900000,3.560000,6.850000,8.060000
1973-06-01,44.200000,116.228681,833.300000,8.490000,44.918600,4.900000,3.560000,6.900000,8.130000
1973-07-01,44.200000,113.915792,836.500000,10.400000,45.085000,4.800000,3.560000,7.130000,8.240000
1973-08-01,45.000000,115.617086,838.800000,10.500000,45.022100,4.800000,4.310000,7.400000,8.530000
1973-09-01,45.200000,115.878268,839.300000,10.780000,45.380100,4.800000,4.310000,7.090000,8.630000
1973-10-01,45.600000,115.366555,842.600000,10.010000,45.746200,4.600000,4.310000,6.790000,8.410000
1973-11-01,45.900000,118.812219,848.900000,10.030000,45.954800,4.800000,4.310000,6.730000,8.420000
1973-12-01,46.300000,120.642979,855.500000,9.950000,45.825200,4.900000,4.310000,6.740000,8.480000
1974-01-01,46.800000,125.258697,859.700000,9.650000,45.520700,5.100000,10.110000,6.990000,8.480000
1974-02-01,47.300000,122.587230,864.200000,8.970000,45.382500,5.200000,10.110000,6.960000,8.530000
1974-03-01,47.800000,119.958012,870.100000,9.350000,45.379800,5.100000,10.110000,7.210000,8.620000
1974-04-01,48.100000,118.273405,872.900000,10.510000,45.247000,5.100000,10.110000,7.510000,8.870000
1974-05-01,48.600000,117.232344,874.600000,11.310000,45.608300,5.100000,10.110000,7.580000,9.050000
1974-06-01,49.000000,118.653639,877.800000,11.930000,45.521600,5.400000,10.110000,7.540000,9.270000
1974-07-01,49.300000,119.696356,881.400000,12.920000,45.613600,5.500000,10.110000,7.810000,9.480000
1974-08-01,49.900000,121.820133,884.100000,12.010000,45.130300,5.500000,10.110000,8.040000,9.770000
1974-09-01,50.600000,122.466758,887.900000,11.340000,45.137700,5.900000,10.110000,8.040000,10.180000
1974-10-01,51.000000,121.878713,893.300000,10.060000,44.995000,6.000000,11.160000,7.900000,10.480000
1974-11-01,51.500000,121.215402,898.600000,9.450000,43.514800,6.600000,11.160000,7.680000,10.600000
1974-12-01,51.900000,120.156236,902.100000,8.530000,41.950300,7.200000,11.160000,7.430000,10.630000
1975-01-01,52.300000,118.842751,906.300000,7.130000,41.368900,8.100000,11.160000,7.500000,10.810000
1975-02-01,52.600000,117.403350,914.100000,6.240000,40.425200,8.100000,11.160000,7.390000,10.650000
1975-03-01,52.800000,116.590572,925.000000,5.540000,39.980400,8.600000,11.160000,7.730000,10.480000
1975-04-01,53.000000,118.285949,935.100000,5.490000,40.057200,8.800000,11.160000,8.230000,10.580000
1975-05-01,53.100000,118.509972,947.900000,5.220000,39.940200,9.000000,11.160000,8.060000,10.690000
1975-06-01,53.500000,118.681332,963.000000,5.550000,40.192700,8.800000,11.160000,7.860000,10.620000
1975-07-01,54.000000,121.795873,975.100000,6.100000,40.611500,8.600000,11.160000,8.060000,10.550000
1975-08-01,54.200000,124.058348,983.100000,6.140000,41.011400,8.400000,11.160000,8.400000,10.590000
1975-09-01,54.600000,124.954438,991.500000,6.240000,41.542200,8.400000,11.160000,8.430000,10.610000
1975-10-01,54.900000,124.869231,997.800000,5.820000,41.722400,8.400000,11.160000,8.140000,10.620000
1975-11-01,55.300000,124.591126,1006.900000,5.220000,41.779700,8.300000,11.160000,8.050000,10.560000
1975-12-01,55.600000,125.441418,1016.200000,5.200000,42.346200,8.200000,11.160000,8.000000,10.560000
1976-01-01,55.800000,124.997041,1026.600000,4.870000,42.908200,7.900000,11.160000,7.740000,10.410000
1976-02-01,55.900000,124.576215,1040.300000,4.770000,43.340700,7.700000,12.030000,7.790000,10.240000
1976-03-01,56.000000,125.503785,1050.000000,4.840000,43.428100,7.600000,12.100000,7.730000,10.120000
1976-04-01,56.100000,126.197154,1060.800000,4.820000,43.651800,7.700000,12.170000,7.560000,9.940000
1976-05-01,56.400000,126.408632,1072.100000,5.290000,43.831500,7.400000,12.170000,7.900000,9.860000
1976-06-01,56.700000,126.704134,1077.600000,5.480000,43.877500,7.600000,12.170000,7.860000,9.890000
1976-07-01,57.000000,126.092776,1086.300000,5.310000,44.124800,7.800000,12.170000,7.830000,9.820000
1976-08-01,57.300000,125.905321,1098.700000,5.290000,44.426200,7.800000,12.170000,7.770000,9.640000
1976-09-01,57.600000,125.133727,1110.800000,5.250000,44.571100,7.600000,13.900000,7.590000,9.400000
1976-10-01,57.900000,125.680707,1125.000000,5.020000,44.560000,7.700000,13.900000,7.410000,9.290000
1976-11-01,58.100000,126.536916,1138.200000,4.950000,45.245400,7.800000,13.900000,7.290000,9.230000
1976-12-01,58.400000,127.527207,1152.000000,4.650000,45.731000,7.800000,13.900000,6.870000,9.120000
1977-01-01,58.700000,126.770287,1165.200000,4.610000,45.415600,7.500000,13.900000,7.210000,9.080000
1977-02-01,59.300000,126.975257,1177.600000,4.680000,46.135800,7.600000,13.900000,7.390000,9.120000
1977-03-01,59.600000,127.221410,1188.500000,4.690000,46.715800,7.400000,13.900000,7.460000,9.120000
1977-04-01,60.000000,126.553720,1199.600000,4.730000,47.171900,7.200000,13.900000,7.370000,9.070000
1977-05-01,60.200000,126.554667,1209.000000,5.350000,47.541000,7.000000,13.900000,7.460000,9.010000
1977-06-01,60.500000,126.349224,1217.800000,5.390000,47.906300,7.200000,13.900000,7.280000,8.910000
1977-07-01,60.800000,124.943669,1226.700000,5.420000,47.971400,6.900000,13.900000,7.330000,8.870000
1977-08-01,61.100000,125.927215,1237.000000,5.900000,48.015700,7.000000,14.850000,7.400000,8.820000
1977-09-01,61.300000,126.289816,1246.200000,6.140000,48.209700,6.800000,14.850000,7.340000,8.800000
1977-10-01,61.600000,124.832782,1254.000000,6.470000,48.283900,6.800000,14.850000,7.520000,8.890000
1977-11-01,62.000000,123.160127,1262.400000,6.510000,48.375500,6.800000,14.850000,7.580000,8.950000
1977-12-01,62.300000,120.880966,1270.300000,6.560000,48.457300,6.400000,14.850000,7.690000,8.990000
1978-01-01,62.700000,119.687362,1279.700000,6.700000,47.751200,6.400000,14.850000,7.960000,9.170000
1978-02-01,63.000000,119.488783,1285.500000,6.780000,48.009800,6.300000,14.850000,8.030000,9.200000
1978-03-01,63.400000,118.412576,1292.200000,6.790000,48.935800,6.300000,14.850000,8.040000,9.220000
1978-04-01,63.900000,117.929619,1300.400000,6.890000,49.907400,6.100000,14.850000,8.150000,9.320000
1978-05-01,64.500000,119.031863,1310.500000,7.360000,50.151300,6.000000,14.850000,8.350000,9.490000
1978-06-01,65.000000,116.845127,1318.500000,7.600000,50.475100,5.900000,14.850000,8.460000,9.600000
1978-07-01,65.500000,113.824787,1324.100000,7.810000,50.437100,6.200000,14.850000,8.640000,9.600000
1978-08-01,65.900000,111.286219,1333.500000,8.040000,50.639300,5.900000,14.850000,8.410000,9.480000
1978-09-01,66.500000,111.531543,1345.000000,8.450000,50.763100,6.000000,14.850000,8.420000,9.420000
1978-10-01,67.100000,108.903982,1352.300000,8.960000,51.152300,5.800000,14.850000,8.640000,9.590000
1978-11-01,67.500000,111.615330,1359.100000,9.760000,51.545600,5.900000,14.850000,8.810000,9.830000
1978-12-01,67.900000,111.900890,1366.000000,10.030000,51.806000,6.000000,14.850000,9.010000,9.940000
1979-01-01,68.500000,111.785388,1371.600000,10.070000,51.525000,5.900000,14.850000,9.100000,10.130000
1979-02-01,69.200000,112.479823,1377.800000,10.060000,51.778000,5.900000,15.850000,9.100000,10.080000
1979-03-01,69.900000,112.564082,1387.800000,10.090000,51.938200,5.800000,15.850000,9.120000,10.260000
1979-04-01,70.600000,113.475439,1402.100000,10.010000,51.325100,5.800000,15.850000,9.180000,10.330000
1979-05-01,71.400000,114.365376,1410.200000,10.240000,51.778200,5.600000,18.100000,9.250000,10.470000
1979-06-01,72.200000,114.131886,1423.000000,10.290000,51.786500,5.700000,19.100000,8.910000,10.380000
1979-07-01,73.000000,111.652371,1434.800000,10.470000,51.702900,5.700000,21.750000,8.950000,10.290000
1979-08-01,73.700000,112.181007,1446.600000,10.940000,51.365800,6.000000,26.500000,9.030000,10.350000
1979-09-01,74.400000,112.164321,1454.100000,11.430000,51.362300,5.900000,28.500000,9.330000,10.540000
1979-10-01,75.200000,113.839698,1460.400000,13.770000,51.717500,6.000000,29.000000,10.300000,11.400000
1979-11-01,76.000000,115.505134,1465.900000,13.180000,51.634100,5.900000,31.000000,10.650000,11.990000
1979-12-01,76.900000,113.547747,1473.700000,13.780000,51.669400,6.000000,32.500000,10.390000,12.060000
1980-01-01,78.000000,112.510355,1482.700000,13.820000,51.944000,6.300000,32.500000,10.800000,12.420000
1980-02-01,79.000000,113.405380,1494.600000,14.130000,51.963300,6.300000,37.000000,12.410000,13.570000
1980-03-01,80.100000,117.089387,1499.800000,17.190000,51.745400,6.300000,38.000000,12.750000,14.450000
1980-04-01,80.900000,118.127251,1502.200000,17.610000,50.719700,6.900000,39.500000,11.470000,14.190000
1980-05-01,81.700000,112.915087,1512.300000,10.980000,49.476600,7.500000,39.500000,10.180000,13.170000
1980-06-01,82.500000,110.239005,1529.200000,9.470000,48.838300,7.600000,39.500000,9.780000,12.710000
1980-07-01,82.600000,110.035574,1545.500000,9.030000,48.490700,7.800000,39.500000,10.250000,12.650000
1980-08-01,83.200000,111.438526,1561.500000,9.610000,48.645600,7.700000,38.000000,11.100000,13.150000
1980-09-01,83.900000,110.250721,1574.000000,10.870000,49.457800,7.500000,36.000000,11.510000,13.700000
1980-10-01,84.700000,110.590601,1584.800000,12.810000,50.086100,7.500000,36.000000,11.750000,14.230000
1980-11-01,85.600000,113.188458,1595.800000,15.850000,50.920900,7.500000,36.000000,12.680000,14.640000
1980-12-01,86.400000,114.340169,1599.800000,18.900000,51.257000,7.200000,37.000000,12.840000,15.140000
1981-01-01,87.200000,113.640054,1606.900000,19.080000,50.932800,7.500000,38.000000,12.570000,15.030000
1981-02-01,88.000000,117.300037,1618.700000,15.930000,50.723700,7.400000,38.000000,13.190000,15.370000
1981-03-01,88.600000,117.709502,1636.600000,14.700000,50.980600,7.400000,38.000000,13.120000,15.340000
1981-04-01,89.100000,120.149964,1659.200000,15.720000,50.766100,7.200000,38.000000,13.680000,15.560000
1981-05-01,89.700000,124.016691,1664.200000,18.520000,51.055200,7.500000,38.000000,14.100000,15.950000
1981-06-01,90.500000,126.672773,1670.300000,19.100000,51.321400,7.500000,36.000000,13.470000,15.800000
1981-07-01,91.500000,129.757492,1681.900000,19.040000,51.655500,7.200000,36.000000,14.280000,16.170000
1981-08-01,92.200000,131.781270,1694.300000,17.820000,51.590300,7.400000,36.000000,14.940000,16.340000
1981-09-01,93.100000,128.255014,1706.000000,15.870000,51.342900,7.600000,36.000000,15.320000,16.920000
1981-10-01,93.400000,127.475846,1721.800000,15.080000,50.946300,7.900000,35.000000,15.150000,17.110000
1981-11-01,93.800000,124.869823,1736.100000,13.310000,50.354600,8.300000,36.000000,13.390000,16.390000
1981-12-01,94.100000,124.807575,1755.500000,12.370000,49.808600,8.500000,35.000000,13.720000,16.550000
1982-01-01,94.400000,126.795850,1770.400000,13.220000,48.787700,8.600000,33.850000,14.590000,17.100000
1982-02-01,94.700000,130.681867,1774.500000,14.780000,49.783900,8.900000,31.560000,14.430000,17.180000
1982-03-01,94.700000,132.924460,1786.500000,14.680000,49.447700,9.000000,28.480000,13.860000,16.820000
1982-04-01,95.000000,134.489068,1803.900000,14.940000,48.991300,9.300000,33.450000,13.870000,16.780000
1982-05-01,95.900000,131.987304,1815.400000,14.450000,48.666900,9.400000,35.930000,13.620000,16.640000
1982-06-01,97.000000,138.447037,1826.000000,14.150000,48.541500,9.600000,35.070000,14.300000,16.920000
1982-07-01,97.500000,140.027858,1831.500000,12.590000,48.377500,9.800000,34.160000,13.950000,16.800000
1982-08-01,97.700000,140.397560,1845.200000,10.120000,47.938200,9.800000,33.950000,13.060000,16.320000
1982-09-01,97.700000,141.470336,1858.400000,10.310000,47.813900,10.100000,35.630000,12.340000,15.630000
1982-10-01,98.100000,143.843461,1869.700000,9.710000,47.357500,10.400000,35.680000,10.910000,14.730000
1982-11-01,98.000000,143.858964,1883.700000,9.200000,47.207800,10.800000,34.150000,10.550000,14.300000
1982-12-01,97.700000,138.975910,1905.900000,8.950000,46.871300,10.800000,31.720000,10.540000,14.140000
1983-01-01,97.900000,136.906334,1959.400000,8.680000,47.739800,10.400000,31.190000,10.460000,13.940000
1983-02-01,98.000000,138.640172,1996.800000,8.510000,47.448400,10.400000,28.950000,10.720000,13.950000
1983-03-01,98.100000,140.015195,2015.200000,8.770000,47.842600,10.300000,28.820000,10.510000,13.610000
1983-04-01,98.800000,140.610104,2028.600000,8.800000,48.448300,10.200000,30.610000,10.400000,13.290000
1983-05-01,99.200000,140.107266,2043.100000,8.630000,48.747000,10.100000,30.000000,10.380000,13.090000
1983-06-01,99.400000,142.740626,2053.500000,8.980000,49.043400,10.100000,31.000000,10.850000,13.370000
1983-07-01,99.800000,143.781213,2064.800000,9.370000,49.773900,9.400000,31.660000,11.380000,13.390000
1983-08-01,100.100000,146.126172,2074.000000,9.560000,50.364000,9.500000,31.910000,11.850000,13.640000
1983-09-01,100.400000,145.810671,2083.200000,9.450000,51.093700,9.200000,31.110000,11.650000,13.550000
1983-10-01,100.800000,143.298020,2099.200000,9.480000,51.490200,8.800000,30.410000,11.540000,13.460000
1983-11-01,101.100000,145.293868,2112.300000,9.340000,51.721000,8.500000,29.840000,11.690000,13.610000
1983-12-01,101.400000,147.144629,2123.500000,9.470000,51.976900,8.300000,29.240000,11.830000,13.750000
1984-01-01,102.100000,148.348410,2138.200000,9.560000,53.008800,8.000000,29.690000,11.670000,13.650000
1984-02-01,102.600000,146.292207,2158.200000,9.590000,53.248600,7.800000,30.145000,11.840000,13.590000
1984-03-01,102.900000,143.667012,2175.200000,9.910000,53.502800,7.800000,30.761000,12.320000,13.990000
1984-04-01,103.300000,145.189490,2191.700000,10.290000,53.823300,7.700000,30.618000,12.630000,14.310000
1984-05-01,103.500000,148.640006,2204.100000,10.320000,54.110400,7.400000,30.520000,13.410000,14.740000
1984-06-01,103.700000,149.695504,2215.100000,11.060000,54.307500,7.200000,29.967000,13.560000,15.050000
1984-07-01,104.100000,154.731575,2223.500000,11.230000,54.458700,7.500000,28.752000,13.360000,15.150000
1984-08-01,104.400000,154.509091,2230.400000,11.640000,54.523900,7.500000,29.250000,12.720000,14.630000
1984-09-01,104.700000,158.485404,2244.400000,11.300000,54.369600,7.300000,29.311000,12.520000,14.350000
1984-10-01,105.100000,159.919953,2258.900000,9.990000,54.347400,7.400000,28.765000,12.160000,13.940000
1984-11-01,105.300000,157.842566,2281.400000,9.430000,54.529000,7.200000,28.098000,11.570000,13.480000
1984-12-01,105.500000,161.128941,2306.400000,8.380000,54.555600,7.300000,25.429000,11.500000,13.400000
1985-01-01,105.700000,164.456973,2332.400000,8.350000,54.527000,7.300000,25.641000,11.380000,13.260000
1985-02-01,106.300000,169.856592,2354.100000,8.500000,54.687100,7.200000,27.271000,11.510000,13.230000
1985-03-01,106.800000,170.302034,2366.200000,8.580000,54.767300,7.200000,28.238000,11.860000,13.690000
1985-04-01,107.000000,163.895319,2375.400000,8.270000,54.646700,7.300000,28.805000,11.430000,13.510000
1985-05-01,107.200000,164.210702,2389.500000,7.970000,54.739600,7.200000,27.623000,10.850000,13.150000
1985-06-01,107.500000,162.312604,2412.600000,7.530000,54.711000,7.400000,27.143000,10.160000,12.400000
1985-07-01,107.700000,156.578312,2429.500000,7.880000,54.436500,7.400000,27.329000,10.310000,12.430000
1985-08-01,107.900000,154.233353,2444.000000,7.900000,54.612100,7.100000,27.755000,10.330000,12.500000
1985-09-01,108.100000,155.582695,2456.400000,7.920000,54.814700,7.100000,28.289000,10.370000,12.480000
1985-10-01,108.500000,147.418592,2468.000000,7.990000,54.622800,7.100000,29.538000,10.240000,12.360000
1985-11-01,109.000000,144.714936,2477.800000,8.050000,54.812300,7.000000,30.813000,9.780000,11.990000
1985-12-01,109.500000,143.673403,2492.100000,8.270000,55.355300,7.000000,27.228000,9.260000,11.580000
1986-01-01,109.900000,142.235658,2502.100000,8.140000,55.645300,6.700000,22.945000,9.190000,11.440000
1986-02-01,109.700000,136.941600,2512.900000,7.860000,55.263400,7.200000,15.442000,8.700000,11.110000
1986-03-01,109.100000,134.061496,2533.100000,7.480000,54.872800,7.200000,12.618000,7.780000,10.500000
1986-04-01,108.700000,132.807655,2557.800000,6.990000,54.935000,7.100000,12.847000,7.300000,10.190000
1986-05-01,109.000000,129.672522,2584.800000,6.850000,55.039900,7.200000,15.444000,7.710000,10.290000
1986-06-01,109.400000,130.538080,2605.000000,6.920000,54.826000,7.200000,13.469000,7.800000,10.340000
1986-07-01,109.500000,127.054428,2626.600000,6.560000,55.167000,7.000000,11.575000,7.300000,10.160000
1986-08-01,109.600000,124.888995,2646.500000,6.170000,55.072600,6.900000,15.092000,7.170000,10.180000
1986-09-01,110.000000,124.772901,2667.800000,5.890000,55.223700,7.000000,14.913000,7.450000,10.200000
1986-10-01,110.200000,124.856687,2687.400000,5.850000,55.458900,7.000000,14.852000,7.430000,10.240000
1986-11-01,110.400000,126.743424,2701.300000,6.040000,55.676300,6.900000,15.207000,7.250000,10.070000
1986-12-01,110.800000,125.563311,2728.000000,6.910000,56.207800,6.600000,16.076000,7.110000,9.970000
1987-01-01,111.400000,120.526412,2743.900000,6.430000,55.991100,6.600000,18.656000,7.080000,9.720000
1987-02-01,111.800000,118.694113,2747.500000,6.100000,56.737300,6.600000,17.726000,7.250000,9.650000
1987-03-01,112.200000,117.524177,2753.700000,6.130000,56.813600,6.600000,18.305000,7.250000,9.610000
1987-04-01,112.700000,114.641706,2767.700000,6.370000,57.185000,6.300000,18.643000,8.020000,10.040000
1987-05-01,113.000000,113.857804,2772.900000,6.850000,57.542400,6.300000,19.415000,8.610000,10.510000
1987-06-01,113.500000,115.680044,2774.600000,6.730000,57.850200,6.200000,20.034000,8.400000,10.520000
1987-07-01,113.800000,117.503231,2779.000000,6.580000,58.242100,6.100000,21.355000,8.450000,10.610000
1987-08-01,114.300000,117.045718,2788.200000,6.730000,58.678400,6.000000,20.274000,8.760000,10.800000
1987-09-01,114.700000,114.589398,2799.500000,7.220000,58.908800,5.900000,19.526000,9.420000,11.310000
1987-10-01,115.000000,114.132359,2814.800000,7.290000,59.700800,6.000000,19.848000,9.520000,11.620000
1987-11-01,115.400000,109.481257,2818.900000,6.690000,59.995600,5.800000,18.920000,8.860000,11.230000
1987-12-01,115.600000,106.127782,2826.400000,6.770000,60.324600,5.700000,17.241000,8.990000,11.290000
1988-01-01,116.000000,106.056184,2847.400000,6.830000,60.309000,5.700000,17.160000,8.670000,11.070000
1988-02-01,116.200000,107.185410,2870.400000,6.580000,60.612200,5.700000,16.765000,8.210000,10.620000
1988-03-01,116.500000,105.412992,2890.700000,6.580000,60.745200,5.700000,16.217000,8.370000,10.570000
1988-04-01,117.200000,104.135247,2910.700000,6.870000,61.108000,5.400000,17.875000,8.720000,10.900000
1988-05-01,117.500000,104.541280,2926.000000,7.090000,60.984300,5.600000,17.438000,9.090000,11.040000
1988-06-01,118.000000,106.480206,2938.400000,7.510000,61.161500,5.400000,16.530000,8.920000,11.000000
1988-07-01,118.500000,109.801610,2947.200000,7.750000,61.171000,5.400000,15.498000,9.060000,11.110000
1988-08-01,119.000000,111.253911,2952.000000,8.010000,61.477100,5.600000,15.524000,9.260000,11.210000
1988-09-01,119.500000,111.289769,2956.900000,8.190000,61.278500,5.400000,14.467000,8.980000,10.900000
1988-10-01,119.900000,108.038897,2965.300000,8.300000,61.548800,5.400000,13.798000,8.800000,10.410000
1988-11-01,120.300000,105.089680,2980.200000,8.350000,61.704900,5.300000,13.977000,8.960000,10.480000
1988-12-01,120.700000,104.661043,2988.200000,8.760000,61.985100,5.300000,16.266000,9.110000,10.650000
1989-01-01,121.200000,107.159138,2991.700000,9.120000,62.167700,5.400000,17.983000,9.090000,10.650000
1989-02-01,121.600000,107.657952,2992.200000,9.360000,61.891600,5.200000,17.826000,9.170000,10.610000
1989-03-01,122.200000,109.226820,2999.700000,9.850000,62.050800,5.000000,19.445000,9.360000,10.670000
1989-04-01,123.100000,109.594511,3006.000000,9.840000,62.028900,5.200000,21.040000,9.180000,10.610000
1989-05-01,123.700000,113.093902,3011.600000,9.810000,61.687100,5.200000,20.032000,8.860000,10.460000
1989-06-01,124.100000,115.881108,3027.900000,9.530000,61.685700,5.300000,20.005000,8.280000,10.030000
1989-07-01,124.500000,112.557929,3052.400000,9.240000,61.089600,5.200000,19.644000,8.020000,9.870000
1989-08-01,124.500000,113.316032,3074.400000,8.990000,61.684700,5.200000,18.522000,8.110000,9.880000
1989-09-01,124.800000,114.921350,3092.500000,9.020000,61.479400,5.300000,19.594000,8.190000,9.910000
1989-10-01,125.400000,112.548816,3114.100000,8.840000,61.401400,5.300000,20.091000,8.010000,9.810000
1989-11-01,125.900000,112.168582,3133.300000,8.550000,61.608100,5.400000,19.820000,7.870000,9.810000
1989-12-01,126.300000,110.190839,3152.500000,8.450000,61.958800,5.400000,21.088000,7.840000,9.820000
1990-01-01,127.500000,109.356760,3166.800000,8.230000,61.635200,5.400000,22.641000,8.210000,9.940000
1990-02-01,128.000000,109.406583,3179.200000,8.240000,62.195100,5.300000,22.108000,8.470000,10.140000
1990-03-01,128.600000,111.612134,3190.100000,8.280000,62.491600,5.200000,20.418000,8.590000,10.210000
1990-04-01,128.900000,111.606572,3201.600000,8.260000,62.351100,5.400000,18.582000,8.790000,10.300000
1990-05-01,129.100000,110.079479,3200.600000,8.180000,62.535300,5.400000,18.237000,8.760000,10.410000
1990-06-01,129.900000,110.065041,3213.700000,8.290000,62.747900,5.200000,16.871000,8.480000,10.220000
1990-07-01,130.500000,107.062215,3224.500000,8.150000,62.643500,5.500000,18.638000,8.470000,10.200000
1990-08-01,131.600000,104.351577,3242.000000,8.130000,62.870400,5.700000,27.174000,8.750000,10.410000
1990-09-01,132.500000,102.983063,3254.600000,8.200000,62.883900,5.900000,33.687000,8.890000,10.640000
1990-10-01,133.400000,99.903787,3259.300000,8.110000,62.497300,5.900000,35.922000,8.720000,10.740000
1990-11-01,133.700000,99.138702,3262.600000,7.810000,61.717500,6.200000,32.300000,8.390000,10.620000
1990-12-01,134.200000,100.707334,3271.800000,7.310000,61.288500,6.300000,27.337000,8.080000,10.430000
1991-01-01,134.700000,100.606269,3287.700000,6.910000,61.084200,6.400000,24.959000,8.090000,10.450000
1991-02-01,134.800000,99.139412,3304.500000,6.250000,60.638700,6.600000,20.523000,7.850000,10.070000
1991-03-01,134.800000,104.349802,3321.900000,6.120000,60.297300,6.800000,19.860000,8.110000,10.090000
1991-04-01,135.100000,106.354408,3332.400000,5.910000,60.452400,6.700000,20.823000,8.040000,9.940000
1991-05-01,135.600000,107.079611,3343.000000,5.780000,61.058700,6.900000,21.240000,8.070000,9.860000
1991-06-01,136.000000,109.213448,3351.900000,5.900000,61.551400,6.900000,20.195000,8.280000,9.960000
1991-07-01,136.200000,108.979129,3356.100000,5.820000,61.720100,6.800000,21.420000,8.270000,9.890000
1991-08-01,136.600000,107.580201,3355.000000,5.660000,61.728900,6.900000,21.688000,7.900000,9.650000
1991-09-01,137.000000,105.498317,3354.900000,5.450000,62.236900,6.900000,21.857000,7.650000,9.510000
1991-10-01,137.200000,104.453825,3360.100000,5.210000,62.171800,7.000000,23.228000,7.530000,9.490000
1991-11-01,137.800000,102.603183,3365.500000,4.810000,62.089400,7.000000,22.465000,7.420000,9.450000
1991-12-01,138.200000,101.196444,3372.200000,4.430000,61.806000,7.300000,19.517000,7.090000,9.260000
1992-01-01,138.300000,101.308751,3381.200000,4.030000,61.482300,7.300000,18.820000,7.030000,9.130000
1992-02-01,138.600000,103.398445,3400.000000,4.060000,61.919200,7.400000,18.995000,7.340000,9.230000
1992-03-01,139.100000,106.046954,3403.900000,3.980000,62.440300,7.400000,18.916000,7.540000,9.250000
1992-04-01,139.400000,105.624470,3399.700000,3.730000,62.919900,7.400000,20.243000,7.480000,9.210000
1992-05-01,139.700000,104.325068,3398.600000,3.820000,63.126800,7.600000,20.940000,7.390000,9.130000
1992-06-01,140.100000,102.030168,3393.400000,3.760000,63.162400,7.800000,22.375000,7.260000,9.050000
1992-07-01,140.500000,99.647457,3393.900000,3.250000,63.734800,7.700000,21.759000,6.840000,8.840000
1992-08-01,140.800000,98.707935,3398.800000,3.300000,63.380200,7.600000,21.350000,6.590000,8.650000
1992-09-01,141.100000,99.537517,3410.300000,3.220000,63.583400,7.600000,21.902000,6.420000,8.620000
1992-10-01,141.700000,102.035375,3423.800000,3.100000,64.017800,7.300000,21.688000,6.590000,8.840000
1992-11-01,142.100000,106.419851,3426.500000,3.090000,64.262800,7.400000,20.342000,6.870000,8.960000
1992-12-01,142.300000,106.736773,3424.700000,2.920000,64.359900,7.400000,19.407000,6.770000,8.810000
1993-01-01,142.800000,108.285760,3419.100000,3.020000,64.613500,7.300000,19.075000,6.600000,8.670000
1993-02-01,143.100000,108.266233,3414.500000,3.030000,64.926200,7.100000,20.053000,6.260000,8.390000
1993-03-01,143.300000,107.027067,3411.700000,3.070000,64.862700,7.000000,20.347000,5.980000,8.150000
1993-04-01,143.800000,104.448145,3411.300000,2.960000,65.042300,7.100000,20.270000,5.970000,8.140000
1993-05-01,144.200000,104.059152,3436.900000,3.000000,64.800600,7.100000,19.940000,6.040000,8.210000
1993-06-01,144.300000,104.687552,3442.400000,3.040000,64.947600,7.000000,19.070000,5.960000,8.070000
1993-07-01,144.500000,106.410976,3442.000000,3.060000,65.114200,6.900000,17.866000,5.810000,7.930000
1993-08-01,144.800000,105.920564,3445.700000,3.030000,65.042100,6.800000,18.009000,5.680000,7.600000
1993-09-01,145.000000,105.293939,3452.200000,3.090000,65.374900,6.700000,17.514000,5.360000,7.340000
1993-10-01,145.600000,106.379023,3456.700000,2.990000,65.863000,6.800000,18.145000,5.330000,7.310000
1993-11-01,146.000000,107.681147,3470.100000,3.020000,66.169600,6.600000,16.699000,5.720000,7.660000
1993-12-01,146.300000,108.470374,3474.500000,2.960000,66.553100,6.500000,14.510000,5.770000,7.690000
1994-01-01,146.300000,108.890017,3474.900000,3.050000,66.759100,6.600000,15.000000,5.750000,7.650000
1994-02-01,146.700000,107.796886,3475.700000,3.250000,66.801900,6.600000,14.780000,5.970000,7.760000
1994-03-01,147.100000,107.159138,3480.100000,3.340000,67.470400,6.500000,14.660000,6.480000,8.130000
1994-04-01,147.200000,107.144818,3481.300000,3.560000,67.870700,6.400000,16.380000,6.970000,8.520000
1994-05-01,147.500000,106.213580,3490.800000,4.010000,68.187000,6.100000,17.880000,7.180000,8.620000
1994-06-01,147.900000,105.232283,3479.500000,4.250000,68.645000,6.100000,19.070000,7.100000,8.650000
1994-07-01,148.400000,102.799277,3488.200000,4.260000,68.731700,6.100000,19.650000,7.300000,8.800000
1994-08-01,149.000000,103.165666,3485.700000,4.470000,69.188200,6.000000,18.380000,7.240000,8.740000
1994-09-01,149.300000,101.730879,3486.100000,4.730000,69.393500,5.900000,17.460000,7.460000,8.980000
1994-10-01,149.400000,100.655500,3484.300000,4.760000,69.957600,5.800000,17.710000,7.740000,9.200000
1994-11-01,149.800000,101.436680,3487.200000,5.290000,70.428800,5.600000,18.100000,7.960000,9.320000
1994-12-01,150.100000,103.465546,3486.400000,5.450000,71.127300,5.500000,17.160000,7.810000,9.100000
1995-01-01,150.500000,103.040104,3492.400000,5.530000,71.263500,5.600000,17.990000,7.780000,9.080000
1995-02-01,150.900000,101.974429,3489.900000,5.920000,71.175800,5.400000,18.530000,7.470000,8.850000
1995-03-01,151.200000,98.298351,3491.100000,5.980000,71.279600,5.400000,18.550000,7.200000,8.700000
1995-04-01,151.800000,95.071976,3499.200000,6.050000,71.153800,5.800000,19.870000,7.060000,8.600000
1995-05-01,152.100000,95.695997,3524.200000,6.010000,71.499700,5.600000,19.740000,6.630000,8.200000
1995-06-01,152.400000,95.603098,3548.900000,6.000000,71.732700,5.600000,18.420000,6.170000,7.900000
1995-07-01,152.600000,95.730434,3567.400000,5.850000,71.433400,5.700000,17.300000,6.280000,8.040000
1995-08-01,152.900000,98.815154,3589.000000,5.740000,72.372300,5.700000,18.030000,6.490000,8.190000
1995-09-01,153.100000,100.588755,3602.100000,5.800000,72.654300,5.600000,18.230000,6.200000,7.930000
1995-10-01,153.500000,99.574203,3613.400000,5.760000,72.533600,5.500000,17.440000,6.040000,7.750000
1995-11-01,153.700000,100.017633,3619.900000,5.800000,72.717000,5.600000,17.990000,5.930000,7.680000
1995-12-01,153.900000,100.881534,3629.500000,5.600000,72.963800,5.600000,19.040000,5.710000,7.490000
1996-01-01,154.700000,102.308983,3647.900000,5.560000,72.571200,5.600000,18.880000,5.650000,7.470000
1996-02-01,155.000000,102.534426,3661.800000,5.220000,73.620700,5.500000,19.070000,5.810000,7.630000
1996-03-01,155.500000,102.451586,3686.900000,5.310000,73.514100,5.500000,21.360000,6.270000,8.030000
1996-04-01,156.100000,103.072648,3697.700000,5.220000,74.249100,5.600000,23.570000,6.510000,8.190000
1996-05-01,156.400000,103.563297,3709.600000,5.240000,74.814200,5.600000,21.250000,6.740000,8.300000
1996-06-01,156.700000,103.843650,3722.500000,5.270000,75.372600,5.300000,20.450000,6.910000,8.400000
1996-07-01,157.000000,103.375369,3737.100000,5.400000,75.373800,5.500000,21.320000,6.870000,8.350000
1996-08-01,157.200000,102.764247,3744.000000,5.220000,75.755700,5.100000,21.960000,6.640000,8.180000
1996-09-01,157.700000,103.575959,3753.400000,5.300000,76.230200,5.200000,23.990000,6.830000,8.350000
1996-10-01,158.200000,103.923413,3772.800000,5.240000,76.215700,5.200000,24.900000,6.530000,8.070000
1996-11-01,158.700000,102.876318,3795.100000,5.310000,76.897300,5.400000,23.710000,6.200000,7.790000
1996-12-01,159.100000,104.658085,3818.600000,5.290000,77.377200,5.400000,25.390000,6.300000,7.890000
1997-01-01,159.400000,106.552158,3834.600000,5.250000,77.513500,5.300000,25.170000,6.580000,8.090000
1997-02-01,159.700000,109.706818,3846.300000,5.190000,78.425500,5.200000,22.210000,6.420000,7.940000
1997-03-01,159.800000,110.643618,3861.200000,5.390000,78.919700,5.200000,20.990000,6.690000,8.180000
1997-04-01,159.900000,111.965979,3877.000000,5.510000,78.984800,5.100000,19.720000,6.890000,8.340000
1997-05-01,159.900000,110.052734,3889.200000,5.500000,79.429600,4.900000,20.830000,6.710000,8.200000
1997-06-01,160.200000,109.434157,3906.000000,5.560000,79.797100,5.000000,19.170000,6.490000,8.020000
1997-07-01,160.400000,110.655808,3923.900000,5.520000,80.466600,4.900000,19.630000,6.220000,7.750000
1997-08-01,160.800000,112.987394,3957.400000,5.540000,81.282500,4.800000,19.930000,6.300000,7.820000
1997-09-01,161.200000,112.492485,3973.100000,5.540000,82.032700,4.900000,19.790000,6.210000,7.700000
1997-10-01,161.500000,111.751069,3992.300000,5.500000,82.765600,4.700000,21.260000,6.030000,7.570000
1997-11-01,161.700000,112.436628,4014.800000,5.520000,83.427000,4.600000,20.170000,5.880000,7.420000
1997-12-01,161.800000,115.103479,4032.900000,5.500000,83.784000,4.700000,18.320000,5.810000,7.320000
1998-01-01,162.000000,116.552939,4056.200000,5.560000,84.156400,4.600000,16.710000,5.540000,7.190000
1998-02-01,162.000000,115.448921,4088.900000,5.510000,84.306600,4.600000,16.060000,5.570000,7.250000
1998-03-01,162.000000,115.895783,4114.300000,5.490000,84.342000,4.700000,15.020000,5.650000,7.320000
1998-04-01,162.200000,116.443709,4140.200000,5.450000,84.633900,4.300000,15.440000,5.640000,7.330000
1998-05-01,162.600000,116.887849,4164.400000,5.490000,85.186700,4.400000,14.860000,5.650000,7.300000
1998-06-01,162.800000,118.901331,4184.100000,5.560000,84.680900,4.500000,13.660000,5.500000,7.130000
1998-07-01,163.200000,119.648428,4203.800000,5.540000,84.344500,4.500000,14.080000,5.460000,7.150000
1998-08-01,163.400000,121.478952,4228.700000,5.550000,86.081600,4.500000,13.360000,5.340000,7.140000
1998-09-01,163.500000,116.726903,4267.700000,5.510000,86.002300,4.600000,14.950000,4.810000,7.090000
1998-10-01,163.900000,112.816271,4307.900000,5.070000,86.591000,4.500000,14.390000,4.530000,7.180000
1998-11-01,164.100000,113.848455,4346.600000,4.830000,86.511500,4.400000,12.850000,4.830000,7.340000
1998-12-01,164.400000,112.909880,4375.600000,4.680000,86.861500,4.400000,11.280000,4.650000,7.230000
1999-01-01,164.700000,112.019825,4403.000000,4.630000,87.220500,4.300000,12.470000,4.720000,7.290000
1999-02-01,164.700000,113.651533,4425.800000,4.760000,87.726000,4.400000,12.010000,5.000000,7.390000
1999-03-01,164.800000,116.022173,4432.600000,4.810000,87.912500,4.200000,14.660000,5.230000,7.530000
1999-04-01,165.900000,116.172941,4461.400000,4.740000,88.108200,4.300000,17.340000,5.180000,7.480000
1999-05-01,166.000000,116.234361,4486.100000,4.740000,88.648300,4.200000,17.750000,5.540000,7.720000
1999-06-01,166.000000,117.236131,4508.000000,4.760000,88.590300,4.300000,17.890000,5.900000,8.020000
1999-07-01,166.700000,117.580745,4535.400000,4.990000,89.109800,4.300000,20.070000,5.790000,7.950000
1999-08-01,167.100000,115.178745,4552.700000,5.070000,89.500700,4.200000,21.260000,5.940000,8.150000
1999-09-01,167.800000,113.606563,4568.800000,5.220000,89.130400,4.200000,23.880000,5.920000,8.200000
1999-10-01,168.100000,112.383847,4592.700000,5.200000,90.270900,4.100000,22.640000,6.110000,8.380000
1999-11-01,168.400000,113.568338,4611.800000,5.420000,90.752800,4.100000,24.970000,6.030000,8.150000
1999-12-01,168.800000,114.049046,4639.300000,5.300000,91.478400,4.000000,26.080000,6.280000,8.190000
2000-01-01,169.300000,113.861710,4667.600000,5.450000,91.409200,4.000000,27.180000,6.660000,8.330000
2000-02-01,170.000000,116.518147,4680.900000,5.730000,91.724500,4.100000,29.350000,6.520000,8.290000
2000-03-01,171.000000,116.954713,4711.700000,5.850000,92.083000,4.000000,29.890000,6.260000,8.370000
2000-04-01,170.900000,117.776366,4767.800000,6.020000,92.665900,3.800000,25.740000,5.990000,8.400000
2000-05-01,171.200000,121.439543,4755.700000,6.270000,92.934700,4.000000,28.780000,6.440000,8.900000
2000-06-01,172.200000,118.391866,4773.600000,6.530000,93.001800,4.000000,31.830000,6.100000,8.480000
2000-07-01,172.700000,119.459553,4791.300000,6.540000,92.837300,4.000000,29.770000,6.050000,8.350000
2000-08-01,172.700000,121.356467,4819.500000,6.500000,92.591000,4.100000,31.220000,5.830000,8.260000
2000-09-01,173.600000,123.280837,4855.300000,6.520000,92.982700,3.900000,33.880000,5.800000,8.350000
2000-10-01,173.900000,125.257040,4871.400000,6.510000,92.640000,3.900000,33.080000,5.740000,8.340000
2000-11-01,174.200000,126.404609,4882.800000,6.510000,92.660400,3.900000,34.400000,5.720000,8.280000
2000-12-01,174.600000,123.994798,4927.700000,6.400000,92.345700,3.900000,28.460000,5.240000,8.020000
2001-01-01,175.600000,122.652082,4978.400000,5.980000,91.890800,4.200000,29.580000,5.160000,7.930000
2001-02-01,176.000000,124.283790,5017.100000,5.490000,91.285100,4.200000,29.610000,5.100000,7.870000
2001-03-01,176.100000,127.226262,5074.900000,5.310000,91.058500,4.300000,27.240000,4.890000,7.840000
2001-04-01,176.400000,128.587202,5139.200000,4.800000,90.738400,4.400000,27.410000,5.140000,8.070000
2001-05-01,177.300000,128.702231,5137.300000,4.210000,90.260700,4.300000,28.640000,5.390000,8.070000
2001-06-01,177.700000,129.876427,5180.300000,3.970000,89.781100,4.500000,27.600000,5.280000,7.970000
2001-07-01,177.400000,129.966012,5210.200000,3.770000,89.235200,4.600000,26.450000,5.240000,7.970000
2001-08-01,177.400000,127.050404,5243.900000,3.650000,89.157000,4.900000,27.470000,4.970000,7.850000
2001-09-01,178.100000,126.564253,5355.300000,3.070000,88.674900,5.000000,25.880000,4.730000,8.030000
2001-10-01,177.600000,127.577029,5344.000000,2.490000,88.405100,5.300000,22.210000,4.570000,7.910000
2001-11-01,177.500000,129.250039,5387.700000,2.090000,87.886000,5.500000,19.670000,4.650000,7.810000
2001-12-01,177.400000,129.915716,5440.700000,1.820000,87.851800,5.700000,19.330000,5.090000,8.050000
2002-01-01,177.700000,131.811920,5461.100000,1.730000,88.463400,5.700000,19.670000,5.040000,7.870000
2002-02-01,178.000000,132.743869,5490.400000,1.740000,88.457800,5.700000,20.740000,4.910000,7.890000
2002-03-01,178.500000,131.553223,5502.200000,1.730000,89.126500,5.700000,24.420000,5.280000,8.110000
2002-04-01,179.300000,130.600802,5502.300000,1.750000,89.550700,5.900000,26.270000,5.210000,8.030000
2002-05-01,179.500000,126.995020,5528.500000,1.750000,89.934800,5.800000,27.020000,5.160000,8.090000
2002-06-01,179.600000,123.689355,5553.500000,1.750000,90.673600,5.800000,25.520000,4.930000,7.950000
2002-07-01,180.000000,120.679310,5596.200000,1.730000,90.643600,5.800000,26.940000,4.650000,7.900000
2002-08-01,180.500000,122.364865,5638.400000,1.740000,90.550500,5.700000,28.380000,4.260000,7.580000
2002-09-01,180.800000,122.587822,5662.500000,1.750000,90.637300,5.700000,29.670000,3.870000,7.400000
2002-10-01,181.200000,123.179535,5707.200000,1.750000,90.398800,5.700000,28.850000,3.940000,7.730000
2002-11-01,181.500000,121.438833,5758.200000,1.340000,90.894700,5.900000,26.270000,4.050000,7.620000
2002-12-01,181.800000,120.241206,5779.500000,1.240000,90.390600,6.000000,29.420000,4.030000,7.450000
2003-01-01,182.600000,117.130688,5812.300000,1.240000,91.136900,5.800000,32.940000,4.050000,7.350000
2003-02-01,183.600000,115.816020,5848.400000,1.260000,91.250500,5.900000,35.870000,3.900000,7.060000
2003-03-01,183.900000,114.943361,5868.600000,1.250000,91.000600,5.900000,33.550000,3.810000,6.950000
2003-04-01,183.200000,114.583600,5905.700000,1.260000,90.431100,6.000000,28.250000,3.960000,6.850000
2003-05-01,182.900000,109.177708,5965.500000,1.260000,90.400000,6.100000,28.140000,3.570000,6.380000
2003-06-01,183.100000,107.944815,6002.400000,1.220000,90.519600,6.300000,30.720000,3.330000,6.190000
2003-07-01,183.700000,110.063739,6049.400000,1.010000,90.986900,6.200000,30.760000,3.980000,6.620000
2003-08-01,184.500000,111.514620,6107.300000,1.030000,90.793300,6.100000,31.590000,4.450000,7.010000
2003-09-01,185.100000,109.535695,6079.900000,1.010000,91.381900,6.100000,28.290000,4.270000,6.790000
2003-10-01,184.900000,105.237490,6070.200000,1.010000,91.504900,6.000000,30.330000,4.290000,6.730000
2003-11-01,185.000000,104.854533,6075.700000,1.000000,92.126500,5.800000,31.090000,4.300000,6.660000
2003-12-01,185.500000,102.201173,6074.000000,0.980000,92.173200,5.700000,32.150000,4.270000,6.600000
2004-01-01,186.300000,100.096568,6082.200000,1.000000,92.326800,5.700000,34.270000,4.150000,6.440000
2004-02-01,186.700000,100.657748,6121.900000,1.010000,92.899500,5.600000,34.740000,4.080000,6.270000
2004-03-01,187.100000,102.491349,6158.000000,1.000000,92.536800,5.800000,36.760000,3.830000,6.110000
2004-04-01,187.400000,103.660456,6199.100000,1.000000,92.895700,5.600000,36.690000,4.350000,6.460000
2004-05-01,188.200000,105.419383,6275.900000,1.000000,93.584500,5.600000,40.280000,4.720000,6.750000
2004-06-01,188.900000,103.754065,6278.100000,1.030000,92.865100,5.600000,38.020000,4.730000,6.780000
2004-07-01,189.100000,102.440343,6291.300000,1.260000,93.550200,5.500000,40.690000,4.500000,6.620000
2004-08-01,189.200000,102.739395,6317.900000,1.430000,93.630100,5.400000,44.940000,4.280000,6.460000
2004-09-01,189.800000,102.204487,6352.300000,1.610000,93.735300,5.400000,45.950000,4.130000,6.270000
2004-10-01,190.800000,99.869823,6379.900000,1.760000,94.569500,5.500000,53.130000,4.100000,6.210000
2004-11-01,191.700000,95.984989,6406.500000,1.930000,94.801500,5.400000,48.460000,4.190000,6.200000
2004-12-01,191.700000,94.957302,6424.700000,2.160000,95.541500,5.400000,43.330000,4.230000,6.150000
2005-01-01,191.600000,96.066883,6431.000000,2.280000,95.878500,5.300000,46.840000,4.220000,6.020000
2005-02-01,192.400000,96.964156,6439.100000,2.500000,96.570900,5.400000,47.970000,4.170000,5.820000
2005-03-01,193.100000,95.860020,6448.400000,2.630000,96.434500,5.200000,54.310000,4.500000,6.060000
2005-04-01,193.700000,97.451610,6462.000000,2.790000,96.634700,5.200000,53.040000,4.340000,6.050000
2005-05-01,193.600000,98.825686,6479.200000,3.000000,96.725100,5.100000,49.830000,4.140000,6.010000
2005-06-01,193.700000,100.625796,6511.800000,3.040000,97.148300,5.000000,56.260000,4.000000,5.860000
2005-07-01,194.900000,101.558217,6543.700000,3.260000,96.839700,5.000000,58.700000,4.180000,5.950000
2005-08-01,196.100000,99.725682,6576.500000,3.500000,97.158400,4.900000,64.970000,4.260000,5.960000
2005-09-01,198.800000,99.193968,6610.300000,3.620000,95.276400,5.000000,65.570000,4.200000,6.030000
2005-10-01,199.100000,100.729464,6644.100000,3.780000,96.441100,5.000000,62.370000,4.460000,6.300000
2005-11-01,198.100000,102.455018,6660.800000,4.000000,97.501600,5.000000,58.300000,4.540000,6.390000
2005-12-01,198.100000,101.548632,6688.000000,4.160000,97.972300,4.900000,59.430000,4.470000,6.320000
2006-01-01,199.300000,100.000000,6730.300000,4.290000,98.127000,4.700000,65.510000,4.420000,6.240000
2006-02-01,199.400000,100.790700,6754.900000,4.490000,98.168700,4.800000,61.630000,4.570000,6.270000
2006-03-01,199.700000,100.756700,6769.500000,4.590000,98.391300,4.700000,62.900000,4.720000,6.410000
2006-04-01,200.700000,99.411800,6807.000000,4.790000,98.682600,4.700000,69.690000,4.990000,6.680000
2006-05-01,201.300000,95.556900,6813.900000,4.940000,98.707400,4.600000,70.940000,5.110000,6.750000
2006-06-01,201.800000,96.561700,6852.100000,4.990000,99.039800,4.600000,70.960000,5.110000,6.780000
2006-07-01,202.900000,97.031600,6893.900000,5.240000,98.975100,4.700000,74.410000,5.090000,6.760000
2006-08-01,203.800000,96.115500,6925.300000,5.250000,99.404700,4.700000,73.050000,4.880000,6.590000
2006-09-01,202.800000,96.546100,6952.600000,5.250000,99.224600,4.500000,63.870000,4.720000,6.430000
2006-10-01,201.900000,97.481900,7002.000000,5.250000,99.122900,4.400000,58.880000,4.730000,6.420000
2006-11-01,202.000000,96.464100,7037.500000,5.250000,99.096300,4.500000,59.370000,4.600000,6.200000
2006-12-01,203.100000,95.783100,7080.400000,5.240000,100.112500,4.400000,62.030000,4.560000,6.220000
2007-01-01,203.437000,97.485300,7118.500000,5.250000,99.754600,4.600000,54.570000,4.760000,6.340000
2007-02-01,204.226000,97.075300,7134.600000,5.260000,100.716600,4.500000,59.260000,4.720000,6.280000
2007-03-01,205.288000,96.183000,7168.500000,5.260000,100.895200,4.400000,60.560000,4.560000,6.270000
2007-04-01,205.904000,94.475700,7241.000000,5.250000,101.572300,4.500000,63.970000,4.690000,6.390000
2007-05-01,206.755000,93.628700,7254.900000,5.250000,101.626900,4.400000,63.460000,4.750000,6.390000
2007-06-01,207.234000,93.253200,7288.100000,5.250000,101.654700,4.600000,67.480000,5.100000,6.700000
2007-07-01,207.603000,91.574400,7319.000000,5.260000,101.495300,4.700000,74.180000,5.000000,6.650000
2007-08-01,207.667000,91.693900,7395.100000,5.020000,101.694300,4.600000,72.390000,4.670000,6.650000
2007-09-01,208.547000,89.817700,7413.300000,4.940000,101.942800,4.700000,79.930000,4.520000,6.590000
2007-10-01,209.190000,87.408700,7428.400000,4.760000,101.644600,4.700000,86.200000,4.530000,6.480000
2007-11-01,210.834000,85.383900,7453.800000,4.490000,102.216700,4.700000,94.620000,4.150000,6.400000
2007-12-01,211.445000,87.229100,7484.200000,4.240000,102.276400,5.000000,91.730000,4.100000,6.650000
2008-01-01,212.174000,86.629100,7517.800000,3.940000,102.149300,5.000000,92.950000,3.740000,6.540000
2008-02-01,212.687000,86.054200,7604.200000,2.980000,101.775600,4.900000,95.350000,3.740000,6.820000
2008-03-01,213.448000,83.408900,7670.300000,2.610000,101.450800,5.100000,105.560000,3.510000,6.890000
2008-04-01,213.942000,83.517100,7712.800000,2.280000,100.755400,5.000000,112.570000,3.680000,6.970000
2008-05-01,215.208000,83.810100,7725.500000,1.980000,100.133600,5.400000,125.390000,3.880000,6.930000
2008-06-01,217.463000,84.555800,7744.200000,2.000000,99.872800,5.600000,133.930000,4.100000,7.070000
2008-07-01,219.016000,83.927300,7791.500000,2.010000,99.419400,5.800000,133.440000,4.010000,7.160000
2008-08-01,218.690000,87.791300,7806.100000,2.000000,97.849100,6.100000,116.610000,3.890000,7.150000
2008-09-01,218.877000,89.687000,7872.700000,1.810000,93.557600,6.100000,103.900000,3.690000,7.310000
2008-10-01,216.995000,96.041300,7975.300000,0.970000,94.498500,6.500000,76.650000,3.810000,8.880000
2008-11-01,213.153000,99.173100,8027.300000,0.390000,93.261700,6.800000,57.440000,3.530000,9.210000
2008-12-01,211.398000,96.818200,8205.000000,0.160000,90.626600,7.300000,41.020000,2.420000,8.430000
2009-01-01,211.933000,97.412200,8289.400000,0.150000,88.371200,7.800000,41.740000,2.520000,8.140000
2009-02-01,212.705000,100.012700,8319.600000,0.220000,87.843000,8.300000,39.160000,2.870000,8.080000
2009-03-01,212.495000,100.557100,8386.700000,0.180000,86.468900,8.700000,47.980000,2.820000,8.420000
2009-04-01,212.709000,98.586000,8391.400000,0.150000,85.790300,9.000000,49.790000,2.930000,8.390000
2009-05-01,213.022000,94.473300,8449.500000,0.180000,84.943600,9.400000,59.160000,3.290000,8.060000
2009-06-01,214.790000,92.031000,8459.500000,0.210000,84.674600,9.500000,69.680000,3.720000,7.500000
2009-07-01,214.726000,91.362800,8463.800000,0.160000,85.685300,9.500000,64.090000,3.560000,7.090000
2009-08-01,215.445000,89.907800,8463.300000,0.160000,86.639300,9.600000,71.060000,3.590000,6.580000
2009-09-01,215.861000,88.501400,8461.800000,0.150000,87.382100,9.800000,69.460000,3.400000,6.310000
2009-10-01,216.509000,87.045700,8488.100000,0.120000,87.580900,10.000000,75.820000,3.390000,6.290000
2009-11-01,217.234000,86.521700,8517.300000,0.120000,87.938800,9.900000,78.080000,3.400000,6.320000
2009-12-01,217.347000,87.531900,8512.500000,0.120000,88.240400,9.900000,74.300000,3.590000,6.370000
2010-01-01,217.488000,88.192800,8478.000000,0.110000,89.189700,9.800000,78.220000,3.730000,6.250000
2010-02-01,217.281000,90.285300,8527.600000,0.130000,89.504600,9.800000,76.420000,3.690000,6.340000
2010-03-01,217.353000,89.946000,8523.700000,0.160000,90.135600,9.900000,81.240000,3.730000,6.270000
2010-04-01,217.403000,90.013700,8555.100000,0.200000,90.460700,9.900000,84.480000,3.850000,6.250000
2010-05-01,217.290000,93.832400,8609.300000,0.200000,91.701400,9.600000,73.840000,3.420000,6.050000
2010-06-01,217.199000,94.483300,8628.400000,0.180000,91.903300,9.400000,75.350000,3.200000,6.230000
2010-07-01,217.605000,91.790600,8639.800000,0.180000,92.254900,9.400000,76.370000,3.010000,6.010000
2010-08-01,217.923000,90.824100,8688.200000,0.190000,92.593600,9.500000,76.820000,2.700000,5.660000
2010-09-01,218.275000,89.714100,8718.900000,0.190000,92.853300,9.500000,75.310000,2.650000,5.660000
2010-10-01,219.035000,86.587000,8768.700000,0.190000,92.603300,9.400000,81.900000,2.540000,5.720000
2010-11-01,219.590000,87.158000,8789.300000,0.190000,92.668600,9.800000,84.140000,2.760000,5.920000
2010-12-01,220.472000,88.284100,8822.900000,0.180000,93.591600,9.300000,89.040000,3.290000,6.100000
2011-01-01,221.187000,87.248300,8845.200000,0.170000,93.388900,9.100000,89.420000,3.390000,6.090000
2011-02-01,221.898000,86.106900,8909.000000,0.160000,93.004500,9.000000,89.580000,3.580000,6.150000
2011-03-01,223.046000,84.707300,8967.000000,0.140000,93.968400,9.000000,102.940000,3.410000,6.030000
2011-04-01,224.093000,83.144000,9030.400000,0.100000,93.657100,9.100000,110.040000,3.460000,6.020000
2011-05-01,224.806000,83.304700,9102.700000,0.090000,93.772300,9.000000,101.330000,3.170000,5.780000
2011-06-01,224.806000,83.228100,9176.700000,0.090000,94.049300,9.100000,96.290000,3.000000,5.750000
2011-07-01,225.395000,82.678300,9338.700000,0.070000,94.495800,9.000000,97.190000,3.000000,5.760000
2011-08-01,226.106000,82.693800,9525.100000,0.100000,95.097400,9.000000,86.330000,2.300000,5.360000
2011-09-01,226.597000,85.338200,9545.300000,0.080000,95.024400,9.000000,85.610000,1.980000,5.270000
2011-10-01,226.750000,85.899100,9578.100000,0.070000,95.689100,8.800000,86.410000,2.150000,5.370000
2011-11-01,227.169000,86.620200,9629.800000,0.080000,95.677800,8.600000,97.210000,2.010000,5.140000
2011-12-01,227.223000,87.818200,9677.400000,0.070000,96.180900,8.500000,98.570000,1.980000,5.250000
2012-01-01,227.842000,87.963100,9750.500000,0.080000,96.759500,8.300000,100.240000,1.970000,5.230000
2012-02-01,228.329000,86.618600,9802.200000,0.100000,97.066200,8.300000,102.250000,1.970000,5.140000
2012-03-01,228.807000,87.316600,9846.200000,0.130000,96.560900,8.200000,106.190000,2.170000,5.230000
2012-04-01,229.187000,87.161000,9899.800000,0.140000,97.251000,8.200000,103.330000,2.050000,5.190000
2012-05-01,228.713000,88.510800,9943.000000,0.160000,97.459500,8.200000,94.700000,1.800000,5.070000
2012-06-01,228.524000,89.888400,10013.000000,0.160000,97.476800,8.200000,82.410000,1.620000,5.020000
2012-07-01,228.590000,90.070100,10065.700000,0.160000,97.671400,8.200000,87.930000,1.530000,4.870000
2012-08-01,229.918000,88.892200,10136.400000,0.130000,97.273400,8.100000,94.160000,1.680000,4.910000
2012-09-01,231.015000,86.907100,10216.600000,0.140000,97.221700,7.800000,94.720000,1.720000,4.840000
2012-10-01,231.638000,87.062700,10282.800000,0.160000,97.531100,7.800000,89.570000,1.750000,4.580000
2012-11-01,231.249000,88.103400,10351.800000,0.160000,97.908400,7.700000,86.660000,1.650000,4.510000
2012-12-01,231.221000,87.468800,10474.400000,0.160000,98.188400,7.900000,88.250000,1.720000,4.630000
2013-01-01,231.679000,87.958000,10497.600000,0.140000,98.173600,8.000000,94.690000,1.910000,4.730000
2013-02-01,232.937000,89.197800,10516.600000,0.150000,98.643400,7.700000,95.320000,1.980000,4.850000
2013-03-01,232.282000,91.151000,10572.900000,0.140000,99.047000,7.500000,93.050000,1.960000,4.850000
2013-04-01,231.797000,91.018900,10600.400000,0.150000,98.944500,7.600000,92.070000,1.760000,4.590000
2013-05-01,231.893000,91.811300,10634.700000,0.110000,99.038300,7.500000,94.800000,1.930000,4.730000
2013-06-01,232.445000,91.045300,10692.300000,0.090000,99.222100,7.500000,95.800000,2.300000,5.190000
2013-07-01,232.900000,92.220400,10731.500000,0.090000,98.898700,7.300000,104.610000,2.580000,5.320000
2013-08-01,233.456000,91.166700,10789.600000,0.080000,99.489700,7.200000,106.570000,2.740000,5.420000
2013-09-01,233.544000,90.724100,10850.000000,0.080000,100.021000,7.200000,106.290000,2.810000,5.470000
2013-10-01,233.669000,89.622200,10974.200000,0.090000,99.903700,7.200000,100.540000,2.620000,5.310000
2013-11-01,234.100000,90.750800,10982.900000,0.080000,100.158200,6.900000,93.860000,2.720000,5.380000
2013-12-01,234.719000,90.932000,11047.800000,0.090000,100.374000,6.700000,97.630000,2.900000,5.380000
2014-01-01,235.288000,91.994400,11117.600000,0.070000,99.989900,6.600000,94.620000,2.860000,5.190000
2014-02-01,235.547000,91.848500,11183.200000,0.070000,100.747100,6.700000,100.820000,2.710000,5.100000
2014-03-01,236.028000,91.470000,11219.100000,0.080000,101.743500,6.700000,100.800000,2.720000,5.060000
2014-04-01,236.468000,91.104700,11264.000000,0.090000,101.827300,6.200000,102.070000,2.710000,4.900000
2014-05-01,236.918000,90.928300,11328.500000,0.090000,102.239200,6.300000,102.180000,2.560000,4.760000
2014-06-01,237.231000,91.148800,11383.700000,0.100000,102.577400,6.100000,105.790000,2.600000,4.800000
2014-07-01,237.498000,90.961900,11438.400000,0.090000,102.795400,6.200000,103.590000,2.540000,4.730000
2014-08-01,237.460000,92.437500,11462.500000,0.090000,102.632200,6.100000,96.540000,2.420000,4.690000
2014-09-01,237.477000,94.806000,11503.700000,0.090000,102.941700,5.900000,93.210000,2.530000,4.800000
2014-10-01,237.430000,96.294300,11577.500000,0.090000,102.961100,5.700000,84.400000,2.300000,4.690000
2014-11-01,236.983000,98.461600,11618.200000,0.090000,103.597800,5.800000,75.790000,2.330000,4.790000
2014-12-01,236.252000,100.083800,11701.900000,0.120000,103.615100,5.600000,59.290000,2.210000,4.740000
2015-01-01,234.747000,104.059300,11788.800000,0.110000,102.792300,5.700000,47.220000,1.880000,4.450000
2015-02-01,235.342000,105.935400,11905.600000,0.110000,102.136600,5.500000,50.580000,1.980000,4.510000
2015-03-01,235.976000,109.018100,11903.700000,0.110000,101.786900,5.400000,47.820000,2.040000,4.540000
2015-04-01,236.222000,108.016000,11937.600000,0.120000,101.225500,5.400000,54.450000,1.940000,4.480000
2015-05-01,237.001000,105.843400,11965.000000,0.120000,100.767500,5.600000,59.270000,2.200000,4.890000
2015-06-01,237.657000,106.402300,12005.600000,0.130000,100.458800,5.300000,59.820000,2.360000,5.130000
2015-07-01,238.034000,108.724300,12049.200000,0.130000,101.089300,5.200000,50.900000,2.320000,5.200000
2015-08-01,238.033000,108.981400,12093.700000,0.140000,100.916500,5.100000,42.870000,2.170000,5.190000
2015-09-01,237.498000,108.884200,12154.800000,0.140000,100.633000,5.000000,45.480000,2.170000,5.340000
2015-10-01,237.733000,108.323000,12206.100000,0.120000,100.156300,5.000000,46.220000,2.070000,5.340000
2015-11-01,238.017000,111.441600,12297.500000,0.120000,99.436600,5.100000,42.440000,2.260000,5.460000
2015-12-01,237.761000,111.734500,12368.700000,0.240000,98.947100,5.000000,37.190000,2.240000,5.460000
2016-01-01,237.652000,113.245000,12506.000000,0.340000,99.439100,4.800000,31.680000,2.090000,5.450000
2016-02-01,237.336000,110.885500,12578.200000,0.380000,98.923200,4.900000,30.320000,1.780000,5.340000
2016-03-01,238.080000,108.997200,12629.000000,0.360000,98.163500,5.000000,37.550000,1.890000,5.130000
2016-04-01,238.992000,106.563000,12708.000000,0.370000,98.477500,5.100000,40.750000,1.810000,4.790000
2016-05-01,239.557000,106.972000,12775.000000,0.370000,98.254900,4.800000,46.710000,1.810000,4.680000
2016-06-01,240.222000,106.884300,12835.400000,0.380000,98.731500,4.900000,48.760000,1.640000,4.530000
2016-07-01,240.101000,108.729400,12889.700000,0.390000,98.845200,4.800000,44.650000,1.500000,4.220000
2016-08-01,240.545000,107.534500,12973.900000,0.400000,98.742700,4.900000,44.720000,1.560000,4.240000
2016-09-01,241.176000,107.825700,13034.200000,0.400000,98.655200,5.000000,45.180000,1.630000,4.310000
2016-10-01,241.741000,110.104800,13107.500000,0.400000,98.723700,4.900000,49.780000,1.760000,4.380000
2016-11-01,242.026000,112.060100,13181.000000,0.410000,98.344300,4.700000,45.660000,2.140000,4.710000
2016-12-01,242.637000,114.018900,13226.100000,0.540000,99.040600,4.700000,51.970000,2.490000,4.830000
2017-01-01,243.618000,113.081600,13300.700000,0.650000,98.815800,4.700000,52.500000,2.430000,4.660000
2017-02-01,244.006000,112.322800,13367.300000,0.660000,98.435600,4.600000,53.470000,2.420000,4.640000
2017-03-01,243.892000,112.990900,13428.700000,0.790000,99.049200,4.400000,49.330000,2.480000,4.680000
2017-04-01,244.193000,112.395000,13484.700000,0.900000,100.041600,4.400000,51.060000,2.300000,4.570000
2017-05-01,244.004000,111.398600,13536.700000,0.910000,100.128000,4.400000,48.480000,2.300000,4.550000
2017-06-01,244.163000,109.733800,13558.500000,1.040000,100.337000,4.300000,45.180000,2.190000,4.370000
2017-07-01,244.243000,107.062700,13615.400000,1.150000,100.086500,4.300000,46.630000,2.320000,4.390000
2017-08-01,245.183000,105.547400,13674.600000,1.160000,99.632300,4.400000,48.040000,2.210000,4.310000
2017-09-01,246.435000,104.161400,13723.000000,1.150000,99.748200,4.300000,49.820000,2.200000,4.300000
2017-10-01,246.626000,106.072600,13782.300000,1.150000,100.989300,4.200000,51.580000,2.360000,4.320000
2017-11-01,247.284000,106.639600,13814.900000,1.160000,101.249300,4.200000,56.640000,2.350000,4.270000
2017-12-01,247.805000,106.118100,13873.800000,1.300000,101.487100,4.100000,57.880000,2.400000,4.220000
2018-01-01,248.859000,103.194300,13883.200000,1.410000,101.485200,4.000000,63.700000,2.580000,4.260000
2018-02-01,249.529000,102.503500,13919.300000,1.420000,101.731900,4.100000,62.230000,2.860000,4.510000
2018-03-01,249.577000,103.164100,13976.000000,1.510000,102.194300,4.000000,62.730000,2.840000,4.640000
2018-04-01,250.227000,103.239900,13993.900000,1.690000,103.355100,4.000000,66.250000,2.870000,4.670000
2018-05-01,250.792000,106.090200,14049.600000,1.700000,102.381000,3.800000,69.980000,2.980000,4.830000
2018-06-01,251.018000,107.363300,14109.900000,1.820000,103.225600,4.000000,67.870000,2.910000,4.830000
2018-07-01,251.214000,107.734700,14144.200000,1.910000,103.356100,3.800000,70.980000,2.890000,4.790000
2018-08-01,251.663000,108.254600,14193.900000,1.910000,104.058500,3.800000,68.060000,2.890000,4.770000
2018-09-01,252.182000,107.676400,14229.300000,1.950000,104.103800,3.700000,70.230000,3.000000,4.880000
2018-10-01,252.772000,108.596900,14241.400000,2.190000,103.929700,3.800000,70.750000,3.150000,5.070000
2018-11-01,252.594000,109.684700,14260.800000,2.200000,104.012600,3.800000,56.960000,3.120000,5.220000
2018-12-01,252.767000,110.211800,14382.600000,2.270000,104.045100,3.900000,49.520000,2.830000,5.130000
2019-01-01,252.561000,109.152700,14446.100000,2.400000,103.359800,4.000000,51.380000,2.710000,5.120000
2019-02-01,253.319000,109.409700,14481.200000,2.400000,102.825100,3.800000,54.950000,2.680000,4.950000
2019-03-01,254.277000,109.947600,14526.200000,2.410000,102.836100,3.800000,58.150000,2.570000,4.840000
2019-04-01,255.233000,110.437900,14554.500000,2.420000,102.274800,3.700000,63.860000,2.530000,4.700000
2019-05-01,255.296000,110.876400,14652.400000,2.390000,102.417600,3.600000,60.830000,2.400000,4.630000
2019-06-01,255.213000,109.831200,14771.400000,2.380000,102.542500,3.600000,54.660000,2.070000,4.460000
2019-07-01,255.802000,109.974100,14853.500000,2.400000,102.005700,3.700000,57.350000,2.060000,4.280000
2019-08-01,256.036000,110.757100,14934.700000,2.130000,102.781400,3.600000,54.810000,1.630000,3.870000
2019-09-01,256.430000,111.196700,15031.400000,2.040000,102.460100,3.500000,56.950000,1.700000,3.910000
2019-10-01,257.155000,110.727300,15167.300000,1.830000,101.587800,3.600000,53.960000,1.710000,3.920000
2019-11-01,257.879000,110.707300,15276.900000,1.550000,102.149400,3.600000,57.030000,1.810000,3.940000
2019-12-01,258.630000,109.998100,15348.000000,1.550000,101.942100,3.600000,59.880000,1.860000,3.880000
2020-01-01,259.127000,109.879500,15416.800000,1.550000,101.337200,3.600000,57.520000,1.760000,3.770000
2020-02-01,259.250000,111.434800,15467.000000,1.580000,101.671800,3.500000,50.540000,1.500000,3.610000
2020-03-01,258.076000,112.713900,15993.800000,0.650000,97.606000,4.400000,29.210000,0.870000,4.290000
2020-04-01,256.032000,113.623300,17005.800000,0.050000,84.681200,14.800000,16.550000,0.660000,4.130000
2020-05-01,255.802000,113.205500,17853.400000,0.050000,86.010800,13.200000,28.560000,0.670000,3.950000
2020-06-01,257.042000,110.341700,18141.100000,0.080000,91.674500,11.000000,38.310000,0.730000,3.640000
2020-07-01,258.352000,108.826400,18298.000000,0.090000,95.003700,10.200000,40.710000,0.620000,3.310000
2020-08-01,259.316000,106.220000,18364.300000,0.100000,95.929400,8.400000,42.340000,0.650000,3.270000
2020-09-01,259.997000,106.554000,18596.600000,0.090000,95.891400,7.800000,39.630000,0.680000,3.360000
2020-10-01,260.319000,106.532100,18751.300000,0.090000,96.525600,6.900000,39.400000,0.790000,3.440000
2020-11-01,260.911000,105.634000,18979.100000,0.090000,96.952900,6.700000,40.940000,0.870000,3.300000
2020-12-01,262.045000,103.285200,19133.200000,0.090000,98.203900,6.700000,47.020000,0.930000,3.160000
